min_samples,eps_percentile,eps,n_clusters,noise_share_pct,largest_cluster_share_pct,conflict_variable,anomaly_rate_non_conflict,anomaly_rate_conflict,difference_conflict_minus_non_conflict,corrected_odds_ratio,p_value_chi2,p_value_fisher,test_valid
10,80,0.48175613055043526,14,14.021178436501017,85.85349462365592,is_conflict_day,0.017702779646979656,0.16627933871553974,0.14857655906856007,11.051154820578393,0.0,0.0,True
10,80,0.48175613055043526,14,14.021178436501017,85.85349462365592,is_high_intensity_conflict_day,0.13952015203103968,0.14790748898678413,0.008387336955744451,1.0708480862955532,0.028587072280724827,0.028298392654711606,True
10,80,0.48175613055043526,14,14.021178436501017,85.85349462365592,is_conflict_window_3d,0.017271784232365146,0.16630702836004932,0.14903524412768418,11.333708743998452,0.0,0.0,True
10,80,0.48175613055043526,14,14.021178436501017,85.85349462365592,is_high_intensity_conflict_window_3d,0.14227475604184484,0.1330962867186553,-0.009178469323189525,0.9256702392066642,0.00026094833056471985,0.0002423333724780043,True
10,85,0.5511606699383589,7,10.454809648358035,89.4779860505667,is_conflict_day,0.014545266318132409,0.12369896357648717,0.10915369725835476,9.547368153157741,0.0,0.0,True
10,85,0.5511606699383589,7,10.454809648358035,89.4779860505667,is_high_intensity_conflict_day,0.10403634492042126,0.11024229074889867,0.006205945828477416,1.0674646836292805,0.06673914447071742,0.06516782187368927,True
10,85,0.5511606699383589,7,10.454809648358035,89.4779860505667,is_conflict_window_3d,0.014263485477178423,0.12371190769772768,0.10944842222054925,9.739549875373145,0.0,0.0,True
10,85,0.5511606699383589,7,10.454809648358035,89.4779860505667,is_high_intensity_conflict_window_3d,0.106685566346075,0.09717564346034183,-0.009509922885733171,0.9013893211538453,1.759493811625457e-05,1.4894439613181727e-05,True
10,90,0.662210636626518,6,6.687736123219994,93.27775356001162,is_conflict_day,0.010456027744707283,0.07888273325036071,0.06842670550565343,8.085387151438818,1.1738249625413176e-261,0.0,True
10,90,0.662210636626518,6,6.687736123219994,93.27775356001162,is_high_intensity_conflict_day,0.06644429487687069,0.07169603524229075,0.00525174036542006,1.0858381637193744,0.057833400037835006,0.056402006760328256,True
10,90,0.662210636626518,6,6.687736123219994,93.27775356001162,is_conflict_window_3d,0.01016597510373444,0.07891491985203453,0.06874894474830008,8.321570582322643,1.0850219570642506e-263,0.0,True
10,90,0.662210636626518,6,6.687736123219994,93.27775356001162,is_high_intensity_conflict_window_3d,0.06863629441327039,0.06081053779950705,-0.007825756613763342,0.8788033487772131,1.52676642159611e-05,1.271063917664806e-05,True
10,92,0.7296745758484962,5,5.190170008718396,94.75715634989828,is_conflict_day,0.009472539986541746,0.06092980736400383,0.05145726737746208,6.766980030229488,3.409528062072887e-188,1.4127697307364722e-261,True
10,92,0.7296745758484962,5,5.190170008718396,94.75715634989828,is_high_intensity_conflict_day,0.05159751365903872,0.0552863436123348,0.0036888299532960855,1.0765872518843194,0.1353988435139765,0.13192021358239903,True
10,92,0.7296745758484962,5,5.190170008718396,94.75715634989828,is_conflict_window_3d,0.009232365145228216,0.06095869297163995,0.05172632782641173,6.9476768085876826,7.576412317961032e-190,6.06082353721267e-265,True
10,92,0.7296745758484962,5,5.190170008718396,94.75715634989828,is_high_intensity_conflict_window_3d,0.05345407260757003,0.04654733524586852,-0.006906737361701505,0.8647507207594665,1.735529065033352e-05,1.3850723433958912e-05,True
10,95,0.8870734752478477,5,3.1141020052310373,96.85229584423132,is_conflict_day,0.006522076712045137,0.03637945656603483,0.02985737985398969,5.7289768083911445,3.7686607764436934e-104,1.513836054346084e-142,True
10,95,0.8870734752478477,5,3.1141020052310373,96.85229584423132,is_high_intensity_conflict_day,0.03098028347454272,0.032929515418502205,0.0019492319439594862,1.0666162474047953,0.3208314595658939,0.3127734010005274,True
10,95,0.8870734752478477,5,3.1141020052310373,96.85229584423132,is_conflict_window_3d,0.006327800829875519,0.03640787387704773,0.030080073047172216,5.9100433587925805,1.6202751767469886e-105,4.875566229980704e-145,True
10,95,0.8870734752478477,5,3.1141020052310373,96.85229584423132,is_high_intensity_conflict_window_3d,0.032145074563921135,0.027677885975190917,-0.004467188588730218,0.8575312269663511,0.00039778851608283076,0.00032304610516014883,True
10,97,1.096343389261275,3,1.8027099680325487,98.16277971519906,is_conflict_day,0.003933951032662146,0.02102585001046336,0.017091898977801216,5.404011418652032,6.561581279032657e-59,4.9673906647169116e-80,True
10,97,1.096343389261275,3,1.8027099680325487,98.16277971519906,is_high_intensity_conflict_day,0.017915116002850583,0.019273127753303965,0.0013580117504533827,1.0800166453645632,0.3732171985115582,0.3437267182391726,True
10,97,1.096343389261275,3,1.8027099680325487,98.16277971519906,is_conflict_window_3d,0.0037863070539419087,0.02104985027303153,0.01726354321908962,5.6206048076193715,5.69463998669271e-60,5.062417754292567e-82,True
10,97,1.096343389261275,3,1.8027099680325487,98.16277971519906,is_high_intensity_conflict_window_3d,0.018485760809718497,0.016445108893288617,-0.002040651916429881,0.8885599079678991,0.03596269149797895,0.034292770475132336,True
20,80,0.555275727064656,2,13.00857308921825,86.9768962510898,is_conflict_day,0.01692634194316476,0.1541638672584891,0.13723752531532435,10.570119066037668,0.0,0.0,True
20,80,0.555275727064656,2,13.00857308921825,86.9768962510898,is_high_intensity_conflict_day,0.12938474938633304,0.1378854625550661,0.008500713168733048,1.0765351573173778,0.022007594010642482,0.02167026139656946,True
20,80,0.555275727064656,2,13.00857308921825,86.9768962510898,is_conflict_window_3d,0.016597510373443983,0.15417474017967236,0.13757722980622838,10.783680342313167,0.0,0.0,True
20,80,0.555275727064656,2,13.00857308921825,86.9768962510898,is_high_intensity_conflict_window_3d,0.13209470145144853,0.12315649117136046,-0.008938210280088066,0.922926385511244,0.00024287373672818822,0.00022287240440180424,True
20,85,0.6348389241095248,1,9.562990409764604,90.43700959023539,is_conflict_day,0.013872353641492832,0.11302633462932164,0.09915398098782881,9.042161648325473,0.0,0.0,True
20,85,0.6348389241095248,1,9.562990409764604,90.43700959023539,is_high_intensity_conflict_day,0.0951876633145934,0.10055066079295154,0.005362997478358139,1.0631071830863876,0.09978289473530295,0.09734171742037796,True
20,85,0.6348389241095248,1,9.562990409764604,90.43700959023539,is_conflict_window_3d,0.013589211618257262,0.11304386119429276,0.0994546495760355,9.234433209238738,0.0,0.0,True
20,85,0.6348389241095248,1,9.562990409764604,90.43700959023539,is_high_intensity_conflict_window_3d,0.09781755561543057,0.08808436704513313,-0.009733188570297438,0.8910222185922246,4.82825595930565e-06,3.913341045566503e-06,True
20,90,0.7640142541643095,1,6.074723917465853,93.92527608253415,is_conflict_day,0.010818365339820902,0.0713711409469893,0.0605527756071684,7.011314036474821,2.18366302084583e-224,0.0,True
20,90,0.7640142541643095,1,6.074723917465853,93.92527608253415,is_high_intensity_conflict_day,0.06046599097315702,0.06387665198237885,0.003410661009221834,1.061025511519065,0.20042165333579004,0.19117737415333924,True
20,90,0.7640142541643095,1,6.074723917465853,93.92527608253415,is_conflict_window_3d,0.010529045643153528,0.07140655275673771,0.06087750711358418,7.209421295690435,2.0190248289578398e-226,1.58937376e-316,True
20,90,0.7640142541643095,1,6.074723917465853,93.92527608253415,is_high_intensity_conflict_window_3d,0.06249780349800265,0.05470928118307811,-0.007788522314924544,0.8683928335590874,6.752802843271778e-06,5.361836721935929e-06,True
20,92,0.8421302863979087,1,4.720648067422261,95.27935193257774,is_conflict_day,0.009420777472954087,0.055246549844150984,0.04582577237119689,6.132672416649799,1.534177208707769e-163,9.091335345094466e-225,True
20,92,0.8421302863979087,1,4.720648067422261,95.27935193257774,is_high_intensity_conflict_day,0.0469455222107847,0.05011013215859031,0.0031646099478056106,1.0719736951132484,0.18149563116670314,0.17107118737299637,True
20,92,0.8421302863979087,1,4.720648067422261,95.27935193257774,is_conflict_window_3d,0.009128630705394191,0.055288884974458344,0.04616025426906415,6.335348050095166,1.1996251979139423e-165,1.1967311130905492e-228,True
20,92,0.8421302863979087,1,4.720648067422261,95.27935193257774,is_high_intensity_conflict_window_3d,0.04880334571184237,0.04169865449109055,-0.007104691220751816,0.8483839090045102,3.7781225908329306e-06,2.83126123047697e-06,True
20,95,1.0276686024298702,1,2.815315315315315,97.18468468468468,is_conflict_day,0.006625601739220457,0.03273380106395868,0.02610819932473822,5.055065710644808,4.2981078634708564e-88,2.1982800038263333e-118,True
20,95,1.0276686024298702,1,2.815315315315315,97.18468468468468,is_high_intensity_conflict_day,0.027931744397814554,0.030616740088105728,0.002684995690291174,1.1008879985932816,0.14747703302400614,0.14493594896897627,True
20,95,1.0276686024298702,1,2.815315315315315,97.18468468468468,is_conflict_window_3d,0.006483402489626556,0.032752774352651046,0.02626937186302449,5.169289798663242,5.054808556080655e-89,4.035681795865929e-120,True
20,95,1.0276686024298702,1,2.815315315315315,97.18468468468468,is_high_intensity_conflict_window_3d,0.029075829106287268,0.02497070588710655,-0.004105123219180717,0.8557043326658551,0.0006359147550248115,0.0005192536220450625,True
20,97,1.2724245318022385,1,1.5929235687300203,98.40707643126999,is_conflict_day,0.005072726331590662,0.018239291575341713,0.013166565243751052,3.6264528579370685,5.0749679007931546e-40,5.077295341259282e-51,True
20,97,1.2724245318022385,1,1.5929235687300203,98.40707643126999,is_high_intensity_conflict_day,0.015895953757225433,0.01629955947136564,0.00040360571414020663,1.0289039881275768,0.8022104630377295,0.7593664471215785,True
20,97,1.2724245318022385,1,1.5929235687300203,98.40707643126999,is_conflict_window_3d,0.004927385892116182,0.018264488286066586,0.013337102393950404,3.7386188763084567,5.856402642591044e-41,1.9112000987065598e-52,True
20,97,1.2724245318022385,1,1.5929235687300203,98.40707643126999,is_high_intensity_conflict_window_3d,0.016447406956175394,0.01414198553476908,-0.002305421421406313,0.8587271530952402,0.011677876809445946,0.010281276398782348,True
30,80,0.6027163865998965,1,12.437336530078465,87.56266346992153,is_conflict_day,0.01692634194316476,0.1472360203980483,0.13030967845488356,10.013121650898984,0.0,0.0,True
30,80,0.6027163865998965,1,12.437336530078465,87.56266346992153,is_high_intensity_conflict_day,0.12383205321086388,0.1303964757709251,0.006564422560061234,1.0613040207403541,0.07201312325345958,0.07039407189061597,True
30,80,0.6027163865998965,1,12.437336530078465,87.56266346992153,is_conflict_window_3d,0.016649377593360996,0.14723885855205213,0.13058948095869113,10.182498979461544,0.0,0.0,True
30,80,0.6027163865998965,1,12.437336530078465,87.56266346992153,is_high_intensity_conflict_window_3d,0.12665909117533358,0.11648955513354074,-0.01016953604179284,0.9092241170772353,2.0667757935701093e-05,1.80062435328171e-05,True
30,85,0.6891027360476654,1,9.107090961929671,90.89290903807033,is_conflict_day,0.01413116620943113,0.10744220369411739,0.09331103748468626,8.383318956247114,0.0,0.0,True
30,85,0.6891027360476654,1,9.107090961929671,90.89290903807033,is_high_intensity_conflict_day,0.0905455697204846,0.09691629955947137,0.0063707298389867745,1.0784037548688414,0.04527743506746411,0.045561053873170464,True
30,85,0.6891027360476654,1,9.107090961929671,90.89290903807033,is_conflict_window_3d,0.013848547717842323,0.10746212788444601,0.09361358016660368,8.558282791911905,0.0,0.0,True
30,85,0.6891027360476654,1,9.107090961929671,90.89290903807033,is_high_intensity_conflict_window_3d,0.09302625259187236,0.08432663946018021,-0.008699613131692152,0.8980144346349004,2.969551451907928e-05,2.4862681774759397e-05,True
30,90,0.827351981394566,1,5.731437082243533,94.26856291775647,is_conflict_day,0.010714840312645583,0.06722985252167017,0.05651501220902459,6.639263825325922,1.4467652999971987e-206,7.722278199703854e-286,True
30,90,0.827351981394566,1,5.731437082243533,94.26856291775647,is_high_intensity_conflict_day,0.05713041412621744,0.05936123348017621,0.002230819353958774,1.0423323550087797,0.3939734899873939,0.38318285649730804,True
30,90,0.827351981394566,1,5.731437082243533,94.26856291775647,is_conflict_window_3d,0.010425311203319501,0.0672670424519993,0.0568417312486798,6.829201464685431,1.310309304213195e-208,1.1421988241290852e-289,True
30,90,0.827351981394566,1,5.731437082243533,94.26856291775647,is_high_intensity_conflict_window_3d,0.0591825498166653,0.05087074225221221,-0.008311807564453086,0.8522702446137148,7.9104081683051e-07,5.660909873602164e-07,True
30,92,0.9155142801236644,1,4.41277971519907,95.58722028480094,is_conflict_day,0.009265489932191107,0.05154582401727005,0.04228033408507895,5.7957525383557655,1.284564471795269e-148,8.025637456871742e-203,True
30,92,0.9155142801236644,1,4.41277971519907,95.58722028480094,is_high_intensity_conflict_day,0.04377820888431388,0.04801762114537445,0.004239412261060574,1.1028035925912,0.06324986112683724,0.06184437639854641,True
30,92,0.9155142801236644,1,4.41277971519907,95.58722028480094,is_conflict_window_3d,0.008973029045643153,0.051589748106394225,0.04261671906075107,5.991221458399287,1.0052832298670946e-150,1.4316078136026866e-206,True
30,92,0.9155142801236644,1,4.41277971519907,95.58722028480094,is_high_intensity_conflict_window_3d,0.04544123332122817,0.03959755949735343,-0.00584367382387474,0.866416671841011,8.72340674083502e-05,7.088664856098016e-05,True
30,95,1.116887434731291,1,2.6918047079337404,97.30819529206626,is_conflict_day,0.0068326517935710955,0.031191831969424957,0.02435918017585386,4.663154516893593,2.9202266083403186e-80,1.3659060305816131e-106,True
30,95,1.116887434731291,1,2.6918047079337404,97.30819529206626,is_high_intensity_conflict_day,0.026833082587694988,0.027863436123348018,0.00103035353565303,1.0413078064714139,0.584210368152193,0.5649375720049158,True
30,95,1.116887434731291,1,2.6918047079337404,97.30819529206626,is_conflict_window_3d,0.0066908713692946055,0.031211467324291,0.024520595954996394,4.7653230101197375,3.536419890440921e-81,4.500261009473422e-108,True
30,95,1.116887434731291,1,2.6918047079337404,97.30819529206626,is_high_intensity_conflict_window_3d,0.027880932019727515,0.023596913006586125,-0.004284019013141391,0.8431644600047202,0.0002682325885622318,0.0002124219388623868,True
30,97,1.3877812814074126,1,1.4803109561174077,98.5196890438826,is_conflict_day,0.004865676277240023,0.016917603780027095,0.012051927502787073,3.5021414322481457,3.3806533328696444e-36,8.858340825521386e-46,True
30,97,1.3877812814074126,1,1.4803109561174077,98.5196890438826,is_high_intensity_conflict_day,0.014737904822234539,0.01552863436123348,0.0007907295389989414,1.0578293444419868,0.5807517314841816,0.555232474235803,True
30,97,1.3877812814074126,1,1.4803109561174077,98.5196890438826,is_conflict_window_3d,0.004771784232365146,0.016932358640126828,0.012160574407761682,3.5741443171721636,9.09784316550453e-37,1.0415500267752178e-46,True
30,97,1.3877812814074126,1,1.4803109561174077,98.5196890438826,is_high_intensity_conflict_window_3d,0.015311083256211708,0.013051032364944037,-0.0022600508912676703,0.8514176470176128,0.010396426650152356,0.009287133583474142,True
50,80,0.6674566750061307,1,11.73259953501889,88.26740046498111,is_conflict_day,0.01692634194316476,0.1386891059883471,0.12176276404518235,9.338297526847969,0.0,0.0,True
50,80,0.6674566750061307,1,11.73259953501889,88.26740046498111,is_high_intensity_conflict_day,0.11679467891361153,0.12323788546255507,0.006443206548943536,1.0632902948954406,0.07022013842175309,0.06854398949148857,True
50,80,0.6674566750061307,1,11.73259953501889,88.26740046498111,is_conflict_window_3d,0.016649377593360996,0.13869561388057072,0.12204623628720973,9.496562518751322,0.0,0.0,True
50,80,0.6674566750061307,1,11.73259953501889,88.26740046498111,is_high_intensity_conflict_window_3d,0.11957171139720957,0.10958018505798214,-0.009991526339227425,0.9062636898091211,1.791555264062254e-05,1.5665599003229945e-05,True
50,85,0.7630199305626529,1,8.555834059866317,91.44416594013369,is_conflict_day,0.013768828614317512,0.10083376471754431,0.0870649361032268,8.0179732204073,0.0,0.0,True
50,85,0.7630199305626529,1,8.555834059866317,91.44416594013369,is_high_intensity_conflict_day,0.08512154564890331,0.09041850220264318,0.005296956553739865,1.068943644597887,0.08746439151069643,0.0848092435883854,True
50,85,0.7630199305626529,1,8.555834059866317,91.44416594013369,is_conflict_window_3d,0.013485477178423237,0.10085652633433151,0.08737104915590826,8.190496998632332,0.0,0.0,True
50,85,0.7630199305626529,1,8.555834059866317,91.44416594013369,is_high_intensity_conflict_window_3d,0.0874852102198845,0.07891227928401147,-0.008572930935873024,0.893766815309155,2.311346683730685e-05,1.9348378995127303e-05,True
50,90,0.9168657970016956,1,5.335476605637896,94.6645233943621,is_conflict_day,0.010559552771882603,0.0624607623935766,0.05190120962169399,6.227961457244022,1.5113635331485807e-186,2.838285933492609e-256,True
50,90,0.9168657970016956,1,5.335476605637896,94.6645233943621,is_high_intensity_conflict_day,0.05310198748911236,0.05616740088105727,0.00306541339194491,1.0620471870971497,0.22223375800048398,0.21380661307961557,True
50,90,0.9168657970016956,1,5.335476605637896,94.6645233943621,is_conflict_window_3d,0.010269709543568465,0.0625,0.05223029045643154,6.409426911949359,1.3447109639994952e-188,3.555573514275278e-260,True
50,90,0.9168657970016956,1,5.335476605637896,94.6645233943621,is_high_intensity_conflict_window_3d,0.055012124691025385,0.047638288415693564,-0.0073738362753318215,0.8595149223011486,5.935219210277624e-06,4.665082477687327e-06,True
50,92,1.011727349922441,1,4.148503342051729,95.85149665794827,is_conflict_day,0.009110202391428127,0.04837377330851497,0.03926357091708685,5.514004558630593,4.1235877910989826e-136,1.5578498428239828e-184,True
50,92,1.011727349922441,1,4.148503342051729,95.85149665794827,is_high_intensity_conflict_day,0.04110578826510412,0.045704845814977975,0.0045990575498738515,1.1183946359643089,0.03774082801906462,0.03679162736410446,True
50,92,1.011727349922441,1,4.148503342051729,95.85149665794827,is_conflict_window_3d,0.008869294605809128,0.04840805002642241,0.039538755420613275,5.668901344441051,8.789227718825014e-138,1.3828034248398886e-187,True
50,92,1.011727349922441,1,4.148503342051729,95.85149665794827,is_high_intensity_conflict_window_3d,0.04258285205534013,0.03769849286839872,-0.004884359186941412,0.8811417153137492,0.000738957086850998,0.0006637950721232932,True
50,95,1.2395567406122256,1,2.501997965707643,97.49800203429236,is_conflict_day,0.0068326517935710955,0.028889892392585333,0.022057240599014236,4.308839124196869,7.210199835978449e-71,7.015819641329985e-93,True
50,95,1.2395567406122256,1,2.501997965707643,97.49800203429236,is_high_intensity_conflict_day,0.02489310317523161,0.02643171806167401,0.0015386148864423993,1.0654358676674052,0.38753252047982345,0.36186735408375703,True
50,95,1.2395567406122256,1,2.501997965707643,97.49800203429236,is_conflict_window_3d,0.006639004149377593,0.02892152545358464,0.022282521304207045,4.439861287843759,3.5598740725376874e-72,3.534433271638423e-95,True
50,95,1.2395567406122256,1,2.501997965707643,97.49800203429236,is_high_intensity_conflict_window_3d,0.025854292843503626,0.022142308780152734,-0.003711984063350892,0.8537482713146693,0.001079672245345348,0.0009450568748700707,True
50,97,1.5405123350487921,1,1.3658820110433014,98.6341179889567,is_conflict_day,0.004969201304415342,0.015507803465024837,0.010538602160609496,3.1390260959377705,3.1248310512878417e-30,1.521828010367497e-37,True
50,97,1.5405123350487921,1,1.3658820110433014,98.6341179889567,is_high_intensity_conflict_day,0.013569958033098425,0.014647577092511013,0.0010776190594125878,1.0842044017248507,0.42357872762764537,0.3954431826858472,True
50,97,1.5405123350487921,1,1.3658820110433014,98.6341179889567,is_conflict_window_3d,0.00487551867219917,0.015523163642769068,0.010647644970569898,3.2025080687497867,8.823453960839886e-31,2.1322550803493095e-38,True
50,97,1.5405123350487921,1,1.3658820110433014,98.6341179889567,is_high_intensity_conflict_window_3d,0.014057612783055892,0.01228332457877086,-0.0017742882042850322,0.8732729252607082,0.03695255141384566,0.03442328781044479,True
